{"lr": 0.00017782794100389227, "gamma": 0.9924999999999999, "step_size": 100, "baseline": true}